,polarity,date,tweet,tweet_processed,tweet_processed2
0,negatif,2019-12-06 00:57:24,"alors @ laetitiaavia tu les vois l√† les # violencespolicieres? tu met tjs tes oreilles et va raconter ta merde √† la tv ? et @ stanguerini tjs aucune condamnation ? @ ccastaner j'en parle m√™me pas, t'aurais d√©j√† du d√©missionner.. # grevegenerale # grevedu5decembre # reformedesretraites https://twitter.com/davduf/status/1202701355699359744 ‚Ä¶",alors laetitiaavia vois l√† violencespolicieres met tjs oreilles va raconter merde tv stanguerini tjs aucune condamnation ccastaner parle d√©j√† d√©missionner grevegenerale grevedu5decembre reformedesretraites,"['alors', 'laetitiaavia', 'voir', 'l√†', 'violencespolicieres', 'mettre', 'tjs', 'oreille', 'aller', 'raconter', 'merder', 'tv', 'stanguerini', 'tjs', 'aucun', 'condamnation', 'ccastaner', 'parler', 'd√©j√†', 'd√©missionner', 'grevegenerale', 'grevedu5decembre', 'reformedesretraites']"
1,positif,2019-12-06 00:54:34,"bonjour m @ evenopatrick, pdt de @ obsodi: voici un de mes articles qui devrait faire l'objet d'un super taf √† la une sur ""comment m @ emacron2 @ elysee pourrait il r√©ussir une bonne # r√©formedesretraites, cf au blog @ alainsaiche? https://blogs.mediapart.fr/alain-saiche/blog/021119/bonjour-m-emacron2-reussir-une-bonne-reformedesretraites-est-possible?utm_source=twitter&utm_medium=social&utm_campaign=sharing&xtor=cs3-67 ‚Ä¶ @ bfmtv @ lci @ lcp @ cnews @ afpfr",bonjour evenopatrick pdt obsodi voici articles devrait faire objet super taf comment emacron2 elysee pourrait r√©ussir bonne r√©formedesretraites cf blog alainsaiche bfmtv lci lcp cnews afpfr,"['bonjour', 'evenopatrick', 'pdt', 'obsodi', 'voici', 'article', 'devoir', 'faire', 'objet', 'super', 'taf', 'comment', 'emacron2', 'elysee', 'pouvoir', 'r√©ussir', 'bon', 'r√©formedesretraites', 'cf', 'blog', 'alainsaiche', 'bfmtv', 'lci', 'lcp', 'cnews', 'afpfr']"
2,negatif,2019-12-06 00:52:58,"monsieur le ministre, cher @ djebbari_jb, je vous invite √† √©tudier les propositions de l' @ udi_off concernant les retraites, elles sont justes et r√©alisables. # reformedesretraites # grevedu5decembre",monsieur ministre cher djebbari_jb invite √©tudier propositions udi_off concernant retraites elles justes r√©alisables reformedesretraites grevedu5decembre,"['monsieur', 'ministre', 'cher', 'djebbari_jb', 'inviter', '√©tudier', 'proposition', 'udi_off', 'concerner', 'retraiter', 'lui', 'juste', 'r√©alisable', 'reformedesretraites', 'grevedu5decembre']"
3,negatif,2019-12-06 00:52:02,"le t√©moignage poignant de sandrine, sans emploi depuis 2 ans et touchant le rsa, dans l'√©mission # balancetonpost, a marqu√© les esprits. travaillant depuis l'√¢ge de 16 ans, elle voudrait que la retraite soit calcul√©e sur les 25 meilleures ann√©es # reformedesretraites https://twitter.com/karimazzouz29/status/1202731170267648000 ‚Ä¶",t√©moignage poignant sandrine sans emploi depuis ans touchant rsa √©mission balancetonpost marqu√© esprits travaillant depuis √¢ge 16 ans voudrait retraite calcul√©e 25 meilleures ann√©es reformedesretraites,"['t√©moignage', 'poigner', 'sandrine', 'sans', 'emploi', 'depuis', 'an', 'toucher', 'rsa', '√©mission', 'balancetonpost', 'marquer', 'esprit', 'travailler', 'depuis', '√¢ge', '16', 'an', 'vouloir', 'retraiter', 'calculer', '25', 'meilleur', 'ann√©e', 'reformedesretraites']"
4,negatif,2019-12-06 00:50:49,"dans beaucoup de pays et depuis la nuit des temps, on fait des enfants pour assurer ses vieux jours. chez nous les vieillards vont dans des ehpads : ils sont hors de prix mais √† qui la faute ? pourquoi ils sont aussi chers ? # ggrmc # reformedesretraites @ emmanuelmacron @ elysee",beaucoup pays depuis nuit temps fait enfants assurer vieux jours chez vieillards vont ehpads hors prix faute pourquoi aussi chers ggrmc reformedesretraites emmanuelmacron elysee,"['beaucoup', 'pays', 'depuis', 'nuire', 'temps', 'faire', 'enfant', 'avoir', 'vieux', 'jour', 'chez', 'vieillard', 'aller', 'ehpads', 'hors', 'prix', 'fauter', 'pourquoi', 'aussi', 'cher', 'ggrmc', 'reformedesretraites', 'emmanuelmacron', 'elysee']"
5,negatif,2019-12-06 00:50:39,"j‚Äô√©prouve un malin plaisir √† relancer ce tweet du 5 mars 2018 parce que le probl√®me de # reformedesretraites est chaud br√ªlant et que cette ¬´ r√©v√©lation ¬ª de la cour des comptes aura √©t√©, comme toutes les autres, sans effeturgent de lui donner un pouvoir de sanction. https://twitter.com/twystsky/status/970685377831997441 ‚Ä¶",√©prouve malin plaisir relancer tweet mars 2018 parce probl√®me reformedesretraites chaud br√ªlant cette r√©v√©lation cour comptes comme toutes autres sans effeturgent donner pouvoir sanction,"['√©prouver', 'malin', 'plaisir', 'relancer', 'tweet', 'mars', '2018', 'parce', 'probl√®me', 'reformedesretraites', 'chaud', 'br√ªler', 'ce', 'r√©v√©lation', 'cour', 'compter', 'comme', 'toute', 'autre', 'sans', 'effeturgent', 'donner', 'pouvoir', 'sanction']"
6,negatif,2019-12-06 00:50:31,ce gouvernement va r√©ussir un exploit: f√©d√©rer tout le monde contre lui. ceux qui sont oppos√©s √† la # reformedesretraites et ceux qui la soutiennent mais qui sont constern√©s par la fa√ßon dont elle est men√©e,gouvernement va r√©ussir exploit f√©d√©rer tout monde contre ceux oppos√©s reformedesretraites ceux soutiennent constern√©s fa√ßon dont men√©e,"['gouvernement', 'aller', 'r√©ussir', 'exploit', 'f√©d√©rer', 'tout', 'monder', 'contrer', 'celui', 'opposer', 'reformedesretraites', 'celui', 'soutenir', 'consterner', 'fa√ßon', 'dont', 'mener']"
7,positif,2019-12-06 00:50:03,# reformedesretraites apr√®s # le5jetravaille ... # le6jetravaille aussi bien s√ªr !,reformedesretraites apr√®s le5jetravaille le6jetravaille aussi bien s√ªr,"['reformedesretraites', 'apr√®s', 'le5jetravaille', 'le6jetravaille', 'aussi', 'bien', 's√ªr']"
8,negatif,2019-12-06 00:49:58,"@ twitterfrance ! notre cher @ aiphanmarcel a son compte suspendu, et nous en ignorons la raison rendez-nous marcel rt vivement appr√©ci√©s @ l4c0n1k @ tropical_boy @ ylebolloch @ vincentcespedes @ vikash_dhorasoo # grevedu5decembre # manifestation # reformedesretraites",twitterfrance cher aiphanmarcel compte suspendu ignorons raison rendez marcel vivement appr√©ci√©s l4c0n1k tropical_boy ylebolloch vincentcespedes vikash_dhorasoo grevedu5decembre manifestation reformedesretraites,"['twitterfrance', 'cher', 'aiphanmarcel', 'compter', 'suspendre', 'ignorer', 'raison', 'rendre', 'marcel', 'vivement', 'appr√©cier', 'l4c0n1k', 'tropical_boy', 'ylebolloch', 'vincentcespedes', 'vikash_dhorasoo', 'grevedu5decembre', 'manifestation', 'reformedesretraites']"
9,negatif,2019-12-06 00:48:02,breaking bad me manque # reformedesretraites,breaking bad manque reformedesretraites,"['breaking', 'bad', 'manquer', 'reformedesretraites']"
10,negatif,2019-12-06 00:47:38,apr√®s avoir regard√© # valp je me suis demand√©: le suicide est il une strat√©gie politique? # reformedesretraites,apr√®s avoir regard√© valp demand√© suicide strat√©gie politique reformedesretraites,"['apr√®s', 'avoir', 'regarder', 'valp', 'demander', 'suicider', 'strat√©gie', 'politique', 'reformedesretraites']"
11,negatif,2019-12-06 00:45:45,"ben @ ewanb10 si la r√©forme est une am√©lioration pour tous et une √©galit√© pour tous, pourquoi en priver les policiers? pourquoi les garder sur un r√©gime si in√©gal et qui ne rend pas heureux autant que la # reformedesretraites √† venir. c'est injuste pour eux. pic.twitter.com/3gxvblhthe",ben ewanb10 si r√©forme am√©lioration tous √©galit√© tous pourquoi priver policiers pourquoi garder r√©gime si in√©gal rend heureux autant reformedesretraites venir injuste,"['ben', 'ewanb10', 'si', 'r√©former', 'am√©lioration', 'tout', '√©galit√©', 'tout', 'pourquoi', 'priver', 'policier', 'pourquoi', 'garder', 'r√©gime', 'si', 'in√©gal', 'rendre', 'heureux', 'autant', 'reformedesretraites', 'venir', 'injuste']"
12,negatif,2019-12-06 00:44:53,onli hebdo #10 ‚Äì √©tat des lieux de la crise sociale https://youtu.be/q9bbkt25ahg via @ youtube @ eetr_national # onli # crisesociale # manif5decembre # reformedesretraites,onli hebdo 10 √©tat lieux crise sociale via youtube eetr_national onli crisesociale manif5decembre reformedesretraites,"['onli', 'hebdo', '10', '√©tat', 'lieu', 'crise', 'social', 'via', 'youtube', 'eetr_national', 'onli', 'crisesociale', 'manif5decembre', 'reformedesretraites']"
13,negatif,2019-12-06 00:42:35,la # reformedesretraites doit concerner tout le monde !!! # retraitepourtous # √©quit√© # justicehttps://twitter.com/christophefrey1/status/1202713961533190144 ‚Ä¶,reformedesretraites doit concerner tout monde retraitepourtous √©quit√© justice,"['reformedesretraites', 'devoir', 'concerner', 'tout', 'monder', 'retraitepourtous', '√©quit√©', 'justice']"
14,positif,2019-12-06 00:42:25,@ balancetonpost la r√©forme des retraites ajouter aux pr√©carit√©es de nous citoyens fran√ßais + la stygnatisation des banlieues et des campagnes mais o√π va t'on. # reformedesretraites # stopalaptecarit√© # francaisensemble # onestpasdesmoutons,balancetonpost r√©forme retraites ajouter pr√©carit√©es citoyens fran√ßais stygnatisation banlieues campagnes o√π va reformedesretraites stopalaptecarit√© francaisensemble onestpasdesmoutons,"['balancetonpost', 'r√©former', 'retraiter', 'ajouter', 'pr√©carit√©es', 'citoyen', 'fran√ßais', 'stygnatisation', 'banlieue', 'campagne', 'o√π', 'aller', 'reformedesretraites', 'stopalaptecarit√©', 'francaisensemble', 'onestpasdesmoutons']"
15,negatif,2019-12-06 00:42:12,"les gens ont manifest√© contre e.macron, pas contre la # reformedesretraites",gens manifest√© contre macron contre reformedesretraites,"['gens', 'manifester', 'contrer', 'macron', 'contrer', 'reformedesretraites']"
16,positif,2019-12-06 00:42:12,toujours cool en sortie de manif d apprend que les mots humanistes et marine le pen ont √©t√© mis dans la m√™me phrase # melenchon # reformedesretraites # manif5decembre,toujours cool sortie manif apprend mots humanistes marine pen mis phrase melenchon reformedesretraites manif5decembre,"['toujours', 'cool', 'sortir', 'manif', 'apprendre', 'mot', 'humaniste', 'mariner', 'pen', 'mettre', 'phraser', 'melenchon', 'reformedesretraites', 'manif5decembre']"
17,negatif,2019-12-06 00:40:00,"voici une liste non exhaustive publi√©e par le s√©nat, des sanctions p√©cuniaires, parfois plusieurs millions d'euros!!, que la france a d√ª payer suite aux condamnations prononc√©es par la cour de justice de l'ue . # frexit # reformedesretraites https://www.senat.fr/fileadmin/fichiers/images/commission/affaires_europeennes/actualites/actualites_36.pdf ‚Ä¶pic.twitter.com/1xry84gzeo",voici liste non exhaustive publi√©e s√©nat sanctions p√©cuniaires parfois plusieurs millions euros france d√ª payer suite condamnations prononc√©es cour justice ue frexit reformedesretraites,"['voici', 'liste', 'non', 'exhaustif', 'publier', 's√©nat', 'sanction', 'p√©cuniaire', 'parfois', 'plusieurs', 'million', 'euro', 'france', 'devoir', 'payer', 'suite', 'condamnation', 'prononcer', 'cour', 'justice', 'ue', 'frexit', 'reformedesretraites']"
18,negatif,2019-12-06 00:38:51,"et tu tapes, tapes, tapes, c'est ta fa√ßon de vivre.... # greve6decembre # grevedu6decembre # grevegenerale # le5jetravaillepas # le6jetravaillepas # retraites # reformedesretraites # le5jefaisgreve # le6jefaisgreve # police @ alliancepolice @ unsapolice @ bnunsapolicecrs @ ccastanerpic.twitter.com/6geny7bipe",tapes tapes tapes fa√ßon vivre greve6decembre grevedu6decembre grevegenerale le5jetravaillepas le6jetravaillepas retraites reformedesretraites le5jefaisgreve le6jefaisgreve police alliancepolice unsapolice bnunsapolicecrs ccastaner,"['taper', 'taper', 'taper', 'fa√ßon', 'vivre', 'greve6decembre', 'grevedu6decembre', 'grevegenerale', 'le5jetravaillepas', 'le6jetravaillepas', 'retraiter', 'reformedesretraites', 'le5jefaisgreve', 'le6jefaisgreve', 'policer', 'alliancepolice', 'unsapolice', 'bnunsapolicecrs', 'ccastaner']"
19,negatif,2019-12-06 00:36:16,des manifestants...? boutique de luxe...? moi je dirais des # casseurs d‚Äôune # boutique de rachats d‚Äôor plut√¥t... o√π sont sont les forces de l‚Äôordre √† ce moment l√† ?ils √©taient tranquille √† casser c‚Äôest √©trange... # reformedesretraites https://twitter.com/n_molle/status/1202572884633276418 ‚Ä¶,manifestants boutique luxe dirais casseurs boutique rachats or plut√¥t o√π forces ordre moment l√† tranquille casser √©trange reformedesretraites,"['manifestant', 'boutique', 'luxer', 'dire', 'casseur', 'boutique', 'rachat', 'or', 'plut√¥t', 'o√π', 'forcer', 'ordre', 'moment', 'l√†', 'tranquille', 'casser', '√©trange', 'reformedesretraites']"
20,negatif,2019-12-06 00:35:53,"apr√®s le succ√®s mitig√© de la # manif5decembre les fain√©ants privil√©gi√©s de la # sncf et de la # ratp continuent leur long week-end ! les fran√ßais qui bossent continuent de s‚Äôorganiser √† pied, en v√©lo, en patinette, en ci-voiturage ! # reformedesretraites une obligation !",apr√®s succ√®s mitig√© manif5decembre fain√©ants privil√©gi√©s sncf ratp continuent long week end fran√ßais bossent continuent organiser pied v√©lo patinette ci voiturage reformedesretraites obligation,"['apr√®s', 'succ√®s', 'mitiger', 'manif5decembre', 'fain√©ant', 'privil√©gier', 'sncf', 'ratp', 'continuer', 'long', 'week', 'end', 'fran√ßais', 'bosser', 'continuer', 'organiser', 'pied', 'v√©lo', 'patinette', 'ci', 'voiturage', 'reformedesretraites', 'obligation']"
21,positif,2019-12-06 00:35:19,@ jmdumontet # reformedesretraites pour vous dire mon admiration pour la tenue dansp vos propos ce soir dans l'emission #vous avez la parole #vous y mettiez √©quilibre l√† o√π bcp n'y apporte du d√©s√©quilibre.merci . la france de la transformation positive se sent moins seul,jmdumontet reformedesretraites dire admiration tenue dansp propos soir emission parole mettiez √©quilibre l√† o√π bcp apporte d√©s√©quilibre merci france transformation positive sent moins seul,"['jmdumontet', 'reformedesretraites', 'dire', 'admiration', 'tenu', 'dansp', 'propos', 'soir', 'emission', 'parole', 'mettre', '√©quilibrer', 'l√†', 'o√π', 'bcp', 'apporter', 'd√©s√©quilibrer', 'merci', 'france', 'transformation', 'positif', 'sentir', 'moins', 'seul']"
22,negatif,2019-12-06 00:34:06,retraite des # senateurs on en parle? # reformedesretraites # retraite # 5decembre2019 # 5decembre # 6decembre # 7decembre # 8decembre # giletsjaunes # pompiers # enseignants # etudiants # chomeurs # cheminots # btp @ lehuffpost @ limportant_fr @ sudradio @ sputnik_fr @ didiermaistohttps://twitter.com/brevesdepresse/status/1202704257520152576 ‚Ä¶,retraite senateurs parle reformedesretraites retraite 5decembre2019 5decembre 6decembre 7decembre 8decembre giletsjaunes pompiers enseignants etudiants chomeurs cheminots btp lehuffpost limportant_fr sudradio sputnik_fr didiermaisto,"['retraiter', 'senateurs', 'parler', 'reformedesretraites', 'retraiter', '5decembre2019', '5decembre', '6decembre', '7decembre', '8decembre', 'giletsjaunes', 'pompier', 'enseignant', 'etudiants', 'chomeurs', 'cheminot', 'btp', 'lehuffpost', 'limportant_fr', 'sudradio', 'sputnik_fr', 'didiermaisto']"
23,negatif,2019-12-06 00:29:31,un coup de feutres ? vous √™tes s√©rieux ? c'est un coup de tournevis qu'il faut ! # grevedu5decembre # 5decembre2019 # reformedesretraites # tartuffe # acab,coup feutres s√©rieux coup tournevis faut grevedu5decembre 5decembre2019 reformedesretraites tartuffe acab,"['coup', 'feutrer', 's√©rieux', 'coup', 'tournevis', 'falloir', 'grevedu5decembre', '5decembre2019', 'reformedesretraites', 'tartuffe', 'acab']"
24,negatif,2019-12-06 00:29:08,# retraites # reformeretraites # reformedesretraites # macron # giletsjaunes # greve5decembre # grevegenerale : ùóù+ùü≠pic.twitter.com/1trlva4z8t,retraites reformeretraites reformedesretraites macron giletsjaunes greve5decembre grevegenerale,"['retraiter', 'reformeretraites', 'reformedesretraites', 'macron', 'giletsjaunes', 'greve5decembre', 'grevegenerale']"
25,negatif,2019-12-06 00:28:41,"820 000 personnes qui se g√®lent les miches dans la rue toute la journ√©e pour que @ leasalame et @ thomassotto s'autoproclament ""point d'orgue"" de la journ√©e oklm. # valp # reformedesretraites # greve6decembre # grevedu6decembre",820 000 personnes g√®lent miches rue toute journ√©e leasalame thomassotto autoproclament point orgue journ√©e oklm valp reformedesretraites greve6decembre grevedu6decembre,"['820', '000', 'personne', 'geler', 'miche', 'ruer', 'tout', 'journ√©e', 'leasalame', 'thomassotto', 'autoproclamer', 'poindre', 'orgue', 'journ√©e', 'oklm', 'valp', 'reformedesretraites', 'greve6decembre', 'grevedu6decembre']"
26,negatif,2019-12-06 00:25:36,# grevegenerale # 5decembre # retraites # reformedesretraites https://twitter.com/gg_rmc/status/1202498683125870593 ‚Ä¶,grevegenerale 5decembre retraites reformedesretraites,"['grevegenerale', '5decembre', 'retraiter', 'reformedesretraites']"
27,negatif,2019-12-06 00:24:50,# balancetonpost et si nos grands-parents arri√®res grand-parents n'avaient pas boug√©s... # greve5decembre # 5decembre2019 # manifestation # giletsjaunes # reformedesretraites pic.twitter.com/7fx9afjexl,balancetonpost si grands parents arri√®res grand parents boug√©s greve5decembre 5decembre2019 manifestation giletsjaunes reformedesretraites,"['balancetonpost', 'si', 'grand', 'parent', 'arri√©rer', 'grand', 'parent', 'bouger', 'greve5decembre', '5decembre2019', 'manifestation', 'giletsjaunes', 'reformedesretraites']"
28,negatif,2019-12-06 00:22:16,# retraites : l‚Äôex√©cutif maintient le flou et la # reformedesretraites https://www.liberation.fr/france/2019/12/05/retraites-l-executif-maintient-le-flou-et-la-reforme_1767575 ‚Ä¶ via @ libe,retraites ex√©cutif maintient flou reformedesretraites via libe,"['retraiter', 'ex√©cutif', 'maintenir', 'flou', 'reformedesretraites', 'via', 'libe']"
29,positif,2019-12-06 00:22:03,"personnels de l'√©ducation nationale, parents et lyc√©en.nes ont massivement d√©nonc√© le projet delevoye dans la rue aujourd'hui. beaucoup ont choisi de reconduire la gr√®ve. la retraite par points, c'est non ! # reformedesretraites # greve6decembre # grevedu6decembre # 5decembrepic.twitter.com/9fuadnccpi",personnels √©ducation nationale parents lyc√©en nes massivement d√©nonc√© projet delevoye rue aujourd hui beaucoup choisi reconduire gr√®ve retraite points non reformedesretraites greve6decembre grevedu6decembre 5decembre,"['personnel', '√©ducation', 'national', 'parent', 'lyc√©en', 'nes', 'massivement', 'd√©noncer', 'projet', 'delevoye', 'ruer', 'aujourd', 'hui', 'beaucoup', 'choisir', 'reconduire', 'grever', 'retraiter', 'point', 'non', 'reformedesretraites', 'greve6decembre', 'grevedu6decembre', '5decembre']"
30,positif,2019-12-06 00:19:25,"manifestation du 5 d√©cembre, on √©tait nombreux pour d√©fendre la solidarit√© interg√©n√©rationnelle # reformedesretraites # justementjeanmionatoutcompris # merguezparty # ilfaisaitpaschaudcacaopic.twitter.com/cylfh9dd6j",manifestation d√©cembre nombreux d√©fendre solidarit√© interg√©n√©rationnelle reformedesretraites justementjeanmionatoutcompris merguezparty ilfaisaitpaschaudcacao,"['manifestation', 'd√©cembre', 'nombreux', 'd√©fendre', 'solidarit√©', 'interg√©n√©rationnelle', 'reformedesretraites', 'justementjeanmionatoutcompris', 'merguezparty', 'ilfaisaitpaschaudcacao']"
31,positif,2019-12-06 00:19:00,"dans ce climat, l'air est traitre # reformedesretraites",climat air traitre reformedesretraites,"['climat', 'air', 'traitre', 'reformedesretraites']"
32,negatif,2019-12-06 00:18:36,"3/ ""elle ne baissera pas = elle n'augmentera pas non plus avec l'inflation = perte de pouvoir d'achat car de fait cela √©quivaudra √† une baisse en euros constants chaque ann√©e. # valp # retraites # 5decembre # reformedesretraites # greves # grevehttps://twitter.com/zabouf/status/1202688699248660482 ‚Ä¶",baissera augmentera non plus inflation perte pouvoir achat car fait cela √©quivaudra baisse euros constants chaque ann√©e valp retraites 5decembre reformedesretraites greves greve,"['baisser', 'augmenter', 'non', 'plaire', 'inflation', 'perte', 'pouvoir', 'achat', 'car', 'faire', 'celer', '√©quivaloir', 'baisser', 'euro', 'constant', 'chaque', 'ann√©e', 'valp', 'retraiter', '5decembre', 'reformedesretraites', 'greves', 'greve']"
33,negatif,2019-12-06 00:18:19,vnr partout j‚Äôai photographi√© la # manif5decembre √† bourg en bresse dans l‚Äôain. ville calme o√π j‚Äôai grandi. 40 000 habs 5 000 manifestants. la col√®re n‚Äôexplose plus que dans les grandes villes https://www.instagram.com/p/b5tucdpoaij/?igshid=b1qn7sqz6hcq ‚Ä¶ # reformedesretraites # giletsjaunes # grevedu5decembrepic.twitter.com/a3hpjlluxe,vnr partout photographi√© manif5decembre bourg bresse ain ville calme o√π grandi 40 000 habs 000 manifestants col√®re explose plus grandes villes reformedesretraites giletsjaunes grevedu5decembre,"['vnr', 'partout', 'photographier', 'manif5decembre', 'bourg', 'bresse', 'ain', 'ville', 'calmer', 'o√π', 'grandir', '40', '000', 'habs', '000', 'manifestant', 'col√®re', 'exploser', 'plaire', 'grand', 'ville', 'reformedesretraites', 'giletsjaunes', 'grevedu5decembre']"
34,negatif,2019-12-06 00:18:19,# reformedesretraites # convergencedesluttes https://twitter.com/mehdimehdinos/status/1202671799735074817 ‚Ä¶,reformedesretraites convergencedesluttes,"['reformedesretraites', 'convergencedesluttes']"
35,negatif,2019-12-06 00:18:09,"paris, bogot√°, santiago contra la farsa de la reforma pensional # reformedesretraites https://youtu.be/tk0iivtgfge",paris bogot√° santiago contra farsa reforma pensional reformedesretraites,"['pari', 'bogot√°', 'santiago', 'contrer', 'farsa', 'reformer', 'pensional', 'reformedesretraites']"
36,negatif,2019-12-06 00:17:54,"# hanouna arr√™te de prendre de haut ce qui te parle de la vrai vie. tu oublie vite d'o√π tu viens... tellement d√©√ßu de toi.. fidel depuis tes d√©but dans tpmp, la t'es devenu trop copain avec le gouvernement # reformedesretraites # balancetonpostpic.twitter.com/jmwgs7eun7",hanouna arr√™te prendre haut parle vrai vie oublie vite o√π viens tellement d√©√ßu fidel depuis d√©but tpmp devenu trop copain gouvernement reformedesretraites balancetonpost,"['hanouna', 'arr√™ter', 'prendre', 'haut', 'parler', 'vrai', 'vie', 'oublier', 'vite', 'o√π', 'venir', 'tellement', 'd√©cevoir', 'fidel', 'depuis', 'd√©but', 'tpmp', 'devenir', 'trop', 'copain', 'gouvernement', 'reformedesretraites', 'balancetonpost']"
37,positif,2019-12-06 00:17:44,ca fait du bien de pouvoir √©couter @ dr_moji qui est le plus proche des gens et qui nous entend au ch√¥mage ...√©tant senior pour le monde du travail... et pas de taf ... # reformedesretraites # btp @ cyrilhanouna @ c8tv,ca fait bien pouvoir √©couter dr_moji plus proche gens entend ch√¥mage senior monde travail taf reformedesretraites btp cyrilhanouna c8tv,"['ca', 'faire', 'bien', 'pouvoir', '√©couter', 'dr_moji', 'plaire', 'proche', 'gens', 'entendre', 'ch√¥mage', 'senior', 'monder', 'travail', 'taf', 'reformedesretraites', 'btp', 'cyrilhanouna', 'c8tv']"
38,negatif,2019-12-06 00:16:00,la # reformedesretraites ne sera pas √©quitable: elle fera plus de tromp√©s que de trompettes. # geralddarmanin et # sibethndiaye se sont soumis aux principes de la communication en macronie : nous balader et nous faire accro√Ære que vessies sont lanternes. # valp,reformedesretraites √©quitable fera plus tromp√©s trompettes geralddarmanin sibethndiaye soumis principes communication macronie balader faire accro√Ære vessies lanternes valp,"['reformedesretraites', '√©quitable', 'faire', 'plaire', 'tromper', 'trompette', 'geralddarmanin', 'sibethndiaye', 'soumettre', 'principe', 'communication', 'macronie', 'balader', 'faire', 'accro√Ære', 'vessie', 'lanterner', 'valp']"
39,negatif,2019-12-06 00:13:20,vnr partout j‚Äôai photographi√© la # manif5decembre √† bourg en bresse dans l‚Äôain. ville (trop) calme o√π j‚Äôai grandi. 40 000 habs 5 000 manifestants. # reformedesretraites # giletsjaunes # tousvnr http://instagram.com/p/b5tsv7wod8p/ ‚Ä¶pic.twitter.com/paoapvjhb6,vnr partout photographi√© manif5decembre bourg bresse ain ville trop calme o√π grandi 40 000 habs 000 manifestants reformedesretraites giletsjaunes tousvnr,"['vnr', 'partout', 'photographier', 'manif5decembre', 'bourg', 'bresse', 'ain', 'ville', 'trop', 'calmer', 'o√π', 'grandir', '40', '000', 'habs', '000', 'manifestant', 'reformedesretraites', 'giletsjaunes', 'tousvnr']"
40,negatif,2019-12-06 00:09:06,# manif5decembre # reformedesretraites sont class√©s en tendance.,manif5decembre reformedesretraites class√©s tendance,"['manif5decembre', 'reformedesretraites', 'classer', 'tendance']"
41,negatif,2019-12-06 00:08:12,"cette bande de pieds nickel√©s nous m√®ne √† la catastrophe √©conomique, √©cologique et sociale # reformedesretraites # grevedu6decembrepic.twitter.com/fvvhu1uwiq",cette bande pieds nickel√©s m√®ne catastrophe √©conomique √©cologique sociale reformedesretraites grevedu6decembre,"['ce', 'bander', 'pied', 'nickeler', 'mener', 'catastrophe', '√©conomique', '√©cologique', 'social', 'reformedesretraites', 'grevedu6decembre']"
42,positif,2019-12-06 00:06:21,l'excellente une de @ libe # reformedesretraites # journalismepic.twitter.com/f3fgjx9l3p,excellente libe reformedesretraites journalisme,"['excellent', 'libe', 'reformedesretraites', 'journalisme']"
43,negatif,2019-12-06 00:06:02,"la # d√©put√©-e # lrem, directrice d' # √©cole, fervente # d√©fenseur du # droit de la r√©publique, # catherineosson, d√©montre sa splendide # duplicit√© en fonction de la # t√™teduclient. # confiance # reformedesretraites # professeurs # wattrelos # roubaix # macron # giletsjaunes # hautsdefrancepic.twitter.com/qnxr2wakfo",d√©put√© lrem directrice √©cole fervente d√©fenseur droit r√©publique catherineosson d√©montre splendide duplicit√© fonction t√™teduclient confiance reformedesretraites professeurs wattrelos roubaix macron giletsjaunes hautsdefrance,"['d√©puter', 'lrem', 'directeur', '√©cole', 'fervent', 'd√©fenseur', 'droit', 'r√©publique', 'catherineosson', 'd√©montrer', 'splendide', 'duplicit√©', 'fonction', 't√™teduclient', 'confiance', 'reformedesretraites', 'professeur', 'wattrelos', 'roubaix', 'macron', 'giletsjaunes', 'hautsdefrance']"
44,negatif,2019-12-06 00:05:57,la # grevegeneral serait une solution pour le # climat .... cela nous ouvre des perspectives. # grevereconductiblele5 # greve6decembre # reformedesretraites https://twitter.com/bfmparis/status/1202486140818866176 ‚Ä¶,grevegeneral solution climat cela ouvre perspectives grevereconductiblele5 greve6decembre reformedesretraites,"['grevegeneral', 'solution', 'climat', 'celer', 'ouvrir', 'perspective', 'grevereconductiblele5', 'greve6decembre', 'reformedesretraites']"
45,negatif,2019-12-06 00:05:52,"ya plus d argent ya plus d argent pour les retraites nous dit la # macronie @ enmarchefr, @ teammacron faut r√©former faut r√©former ... # tartuffe. vous le sentez le souffle de col√®re des 1.5 m de manifestants ? # grevegenerale # reformedesretraites # grevedu5decembre # greve6decembrehttps://twitter.com/mariannelemag/status/1202512328945815552 ‚Ä¶",ya plus argent ya plus argent retraites dit macronie enmarchefr teammacron faut r√©former faut r√©former tartuffe sentez souffle col√®re manifestants grevegenerale reformedesretraites grevedu5decembre greve6decembre,"['ya', 'plaire', 'argent', 'ya', 'plaire', 'argent', 'retraiter', 'dire', 'macronie', 'enmarchefr', 'teammacron', 'falloir', 'r√©former', 'falloir', 'r√©former', 'tartuffe', 'sentir', 'souffler', 'col√®re', 'manifestant', 'grevegenerale', 'reformedesretraites', 'grevedu5decembre', 'greve6decembre']"
46,negatif,2019-12-06 00:05:48,"pour tous ceux qui veulent comprendre la # reformedesretraites et arr√™ter de se faire balader par les politiques et les journalistes qui cr√©ent la peur, aller directement lire le rapport @ delevoye https://www.reforme-retraite.gouv.fr/img/pdf/retraite_01-09_leger.pdf ‚Ä¶",tous ceux veulent comprendre reformedesretraites arr√™ter faire balader politiques journalistes cr√©ent peur aller directement lire rapport delevoye,"['tout', 'celui', 'vouloir', 'comprendre', 'reformedesretraites', 'arr√™ter', 'faire', 'balader', 'politique', 'journaliste', 'cr√©er', 'peur', 'aller', 'directement', 'lire', 'rapport', 'delevoye']"
47,negatif,2019-12-06 00:04:09,plus de 65 millions de fran√ßais qui ne sont pas all√©s manifester aujourd‚Äôhui ... mais pour autant les m√©dias (dont france 2...) continuent de traiter tr√®s majoritairement cette r√©forme sous l‚Äôangle de son refus et/ou opposition !! incompr√©hensible !! # reformedesretraites,plus 65 millions fran√ßais all√©s manifester aujourd hui autant m√©dias dont france continuent traiter tr√®s majoritairement cette r√©forme sous angle refus opposition incompr√©hensible reformedesretraites,"['plaire', '65', 'million', 'fran√ßais', 'aller', 'manifester', 'aujourd', 'hui', 'autant', 'm√©dia', 'dont', 'france', 'continuer', 'traiter', 'tr√®s', 'majoritairement', 'ce', 'r√©former', 'sou', 'angle', 'refus', 'opposition', 'incompr√©hensible', 'reformedesretraites']"
48,negatif,2019-12-06 00:02:27,"calculez, c'est pas compliqu√©! # educationnationale # reformedesretraites # valphttps://twitter.com/rachidowsky13/status/1202714503114297344 ‚Ä¶",calculez compliqu√© educationnationale reformedesretraites valp,"['calculer', 'compliquer', 'educationnationale', 'reformedesretraites', 'valp']"
49,negatif,2019-12-06 00:02:06,"# reformeretraites quand t'explique au gens avec des copier-coller tout droit sortis du rapport, ils crient au fake news. je ne peux rien pour les personnes qui ne veulent pas entendre et pas comprendre # reformedesretraites",reformeretraites quand explique gens copier coller tout droit sortis rapport crient fake news peux rien personnes veulent entendre comprendre reformedesretraites,"['reformeretraites', 'quand', 'expliquer', 'gens', 'copier', 'coller', 'tout', 'droit', 'sortir', 'rapport', 'crier', 'fake', 'new', 'pouvoir', 'rien', 'personne', 'vouloir', 'entendre', 'comprendre', 'reformedesretraites']"
50,negatif,2019-12-06 00:01:41,"# convergencedesluttes pour les # retraites # mecontentement # profond du # peuple # fran√ßais # vox_populi_vox_dei # delitimation # rejet de la # reformedesretraites e gouverment dit : # oui_mais, # non_car # marine_lepen -elle va # r√©cup√©rer la # col√©re des # francais ?pic.twitter.com/m6betntizm",convergencedesluttes retraites mecontentement profond peuple fran√ßais vox_populi_vox_dei delitimation rejet reformedesretraites gouverment dit oui_mais non_car marine_lepen va r√©cup√©rer col√©re francais,"['convergencedesluttes', 'retraiter', 'mecontentement', 'profond', 'peupler', 'fran√ßais', 'vox_populi_vox_dei', 'delitimation', 'rejet', 'reformedesretraites', 'gouverment', 'dire', 'oui_mais', 'non_car', 'marine_lepen', 'aller', 'r√©cup√©rer', 'col√©re', 'francais']"
51,positif,2019-12-06 00:01:34,"macron ze t'aime troooop, ze peu avoir un autograf ? # cabarrus # reformedesretraites # grevedu6decembrepic.twitter.com/mhcb4dx34d",macron ze aime troooop ze peu avoir autograf cabarrus reformedesretraites grevedu6decembre,"['macron', 'ze', 'aimer', 'troooop', 'ze', 'peu', 'avoir', 'autograf', 'cabarrus', 'reformedesretraites', 'grevedu6decembre']"
52,positif,2019-12-06 00:01:31,on est sur un fil # r√©formedesretraites # conclusion # valp,fil r√©formedesretraites conclusion valp,"['fil', 'r√©formedesretraites', 'conclusion', 'valp']"
53,negatif,2019-12-06 00:00:13,bravo mais putain j‚Äôaime ma france # reformedesretraites # grevedu5decembre # paris # republique # manifestation # manif5decembre # grevegenerale # bravo # solidarite # ensembleshttps://twitter.com/legeneral00/status/1202664019095674880 ‚Ä¶,bravo putain aime france reformedesretraites grevedu5decembre paris republique manifestation manif5decembre grevegenerale bravo solidarite ensembles,"['bravo', 'putain', 'aimer', 'france', 'reformedesretraites', 'grevedu5decembre', 'pari', 'republique', 'manifestation', 'manif5decembre', 'grevegenerale', 'bravo', 'solidarite', 'ensemble']"
54,negatif,2019-12-05 23:58:11,eh √ßa dit perssone on manifeste contre les violences polici√®res l√† # spotifywrapped # 5decembre2019 # spotifywrapped2019 # reformedesretraites # sailtoeroda # manif5decembre # greve6decembre # nuitinfo # megustaghvip5d # pantone2020 # youtuberewind2019 # arsbha # visiteroda,eh √ßa dit perssone manifeste contre violences polici√®res l√† spotifywrapped 5decembre2019 spotifywrapped2019 reformedesretraites sailtoeroda manif5decembre greve6decembre nuitinfo megustaghvip5d pantone2020 youtuberewind2019 arsbha visiteroda,"['eh', '√ßa', 'dire', 'perssone', 'manifester', 'contrer', 'violence', 'policier', 'l√†', 'spotifywrapped', '5decembre2019', 'spotifywrapped2019', 'reformedesretraites', 'sailtoeroda', 'manif5decembre', 'greve6decembre', 'nuitinfo', 'megustaghvip5d', 'pantone2020', 'youtuberewind2019', 'arsbha', 'visiteroda']"
55,positif,2019-12-05 23:57:57,la temp√™te s'embrase dans le bleu du feu 5 d√©cembre 2019 toulouse # 5decembre2019 # reformedesretraites # manif5decembre # toulouse # manifestation # crisesocial # giletsjaunes # grevedu6decembrepic.twitter.com/yulu5wxnkk,temp√™te embrase bleu feu d√©cembre 2019 toulouse 5decembre2019 reformedesretraites manif5decembre toulouse manifestation crisesocial giletsjaunes grevedu6decembre,"['temp√™ter', 'embraser', 'bleu', 'feu', 'd√©cembre', '2019', 'toulouse', '5decembre2019', 'reformedesretraites', 'manif5decembre', 'toulouse', 'manifestation', 'crisesocial', 'giletsjaunes', 'grevedu6decembre']"
56,positif,2019-12-05 23:57:38,@ franceinfo @ france2tv : euhhh...saint cricq est la porte parole de la cfdt ???!!! # valp # reformedesretraites,franceinfo france2tv euhhh saint cricq porte parole cfdt valp reformedesretraites,"['franceinfo', 'france2tv', 'euhhh', 'saint', 'cricq', 'porter', 'parole', 'cfdt', 'valp', 'reformedesretraites']"
57,negatif,2019-12-05 23:56:31,"# legendre # d√©put√© # lrem d√©clarait ce matin sur # bfmtv nous irons jusqu'au bout de la # reformedesretraites, les # syndicats et # citoyens le savent. # grevedu5decembre # greve6decembre # 5decembre2019 # giletjaunes # giletsjaunehttps://twitter.com/bfmtv/status/1202638762209136640 ‚Ä¶",legendre d√©put√© lrem d√©clarait matin bfmtv irons jusqu bout reformedesretraites syndicats citoyens savent grevedu5decembre greve6decembre 5decembre2019 giletjaunes giletsjaune,"['legendre', 'd√©puter', 'lrem', 'd√©clarer', 'matin', 'bfmtv', 'aller', 'jusqu', 'bouillir', 'reformedesretraites', 'syndicat', 'citoyen', 'savoir', 'grevedu5decembre', 'greve6decembre', '5decembre2019', 'giletjaunes', 'giletsjaune']"
58,negatif,2019-12-05 23:56:16,parce qu‚Äôil en avait seulement 40500 ? # questionconne # r√©formedesretraites https://twitter.com/le_parisien/status/1202693327159775248 ‚Ä¶,parce seulement 40500 questionconne r√©formedesretraites,"['parce', 'seulement', '40500', 'questionconne', 'r√©formedesretraites']"
59,negatif,2019-12-05 23:55:14,"# reformedesretraites descends de ta lune, pr√©sident macron. tu nous piqu' not' thune, avec tes pensions. crois pas qu'√ßa nous botte quand on s'ra tous vieux, d'vivre en p√¥v' culotte, d'mourir √† p'tit feu... montbeliard, cette apm. pic.twitter.com/wvxkbjsvkb",reformedesretraites descends lune pr√©sident macron piqu not thune pensions crois √ßa botte quand ra tous vieux vivre p√¥v culotte mourir tit feu montbeliard cette apm,"['reformedesretraites', 'descendre', 'lune', 'pr√©sider', 'macron', 'piqu', 'not', 'thune', 'pension', 'croire', '√ßa', 'botter', 'quand', 'ra', 'tout', 'vieux', 'vivre', 'p√¥v', 'culotter', 'mourir', 'tit', 'feu', 'montbeliard', 'ce', 'apm']"
60,negatif,2019-12-05 23:54:36,# reformedesretraites : une reforme impos√©e par bruxelles? # macron au pied du murhttps://mobile.francetvinfo.fr/economie/retraite/reforme-des-retraites/reforme-des-retraites-l-ue-encourage-macron-qui-sera-fragilise-en-cas-d-echec_3731729.amp?__twitter_impression=true ‚Ä¶,reformedesretraites reforme impos√©e bruxelles macron pied mur,"['reformedesretraites', 'reformer', 'imposer', 'bruxelles', 'macron', 'pied', 'mur']"
61,negatif,2019-12-05 23:54:12,il y a une erreur je me permets de corriger l'action des # fdo et de s√©curit√© √† permis de maintenir l'ordre d'une dictature et de dissuader des milliers de gens √† se d√©placer par peur. # 5decembre2019 # reformedesretraites # greve6decembre # manif5decembre,erreur permets corriger action fdo s√©curit√© permis maintenir ordre dictature dissuader milliers gens d√©placer peur 5decembre2019 reformedesretraites greve6decembre manif5decembre,"['erreur', 'permettre', 'corriger', 'action', 'fdo', 's√©curit√©', 'permettre', 'maintenir', 'ordre', 'dictature', 'dissuader', 'millier', 'gens', 'd√©placer', 'peur', '5decembre2019', 'reformedesretraites', 'greve6decembre', 'manif5decembre']"
62,negatif,2019-12-05 23:53:07,"# gdarmanin nous a chant√© # trompette, # macron sait d'avance que # lrem perdra les # municipales et que les # lescarrottes sont cuites pour # macron2022 et n'ayant rien √† perdre ni # rien √† gagner # macron # reformedesretraites avec # brutalit√© c'est un # m√©contentement # profondpic.twitter.com/u15alvthhi",gdarmanin chant√© trompette macron sait avance lrem perdra municipales lescarrottes cuites macron2022 rien perdre ni rien gagner macron reformedesretraites brutalit√© m√©contentement profond,"['gdarmanin', 'chanter', 'trompeter', 'macron', 'savoir', 'avancer', 'lrem', 'perdre', 'municipal', 'lescarrottes', 'cuite', 'macron2022', 'rien', 'perdre', 'ni', 'rien', 'gagner', 'macron', 'reformedesretraites', 'brutalit√©', 'm√©contentement', 'profond']"
63,positif,2019-12-05 23:52:49,une nouveaut√© tous les jours !!! # pitoyable # stopdenousenfumer # 5decembre # reformedesretraites # greve6decembre,nouveaut√© tous jours pitoyable stopdenousenfumer 5decembre reformedesretraites greve6decembre,"['nouveaut√©', 'tout', 'jour', 'pitoyable', 'stopdenousenfumer', '5decembre', 'reformedesretraites', 'greve6decembre']"
64,negatif,2019-12-05 23:52:40,"# reformedesretraites valeur d‚Äôacquisition d‚Äô1 point=10 ‚Ç¨ cotis√©s valeur de service d‚Äô1 point=0,55 ‚Ç¨ de retraite chaque ann√©e pendant toute la dur√©e de retraite. le taux des cotisations servant √† l'acquisition des points est de 25,31% (patronales et salariales).",reformedesretraites valeur acquisition point 10 cotis√©s valeur service point 55 retraite chaque ann√©e pendant toute dur√©e retraite taux cotisations servant acquisition points 25 31 patronales salariales,"['reformedesretraites', 'valeur', 'acquisition', 'poindre', '10', 'cotiser', 'valeur', 'service', 'poindre', '55', 'retraiter', 'chaque', 'ann√©e', 'pendre', 'tout', 'durer', 'retraiter', 'taux', 'cotisation', 'servir', 'acquisition', 'point', '25', '31', 'patronal', 'salarial']"
65,negatif,2019-12-05 23:52:02,on a mang√© des lacrymos en direct sur notre cort√®ge mais on est bien all√© au bout et demain on continue ! # 5decembre2019 # reformedesretraites # greve6decembrepic.twitter.com/dbxvulyoq7,mang√© lacrymos direct cort√®ge bien all√© bout demain continue 5decembre2019 reformedesretraites greve6decembre,"['manger', 'lacrymos', 'direct', 'cort√®ge', 'bien', 'aller', 'bouillir', 'demain', 'continuer', '5decembre2019', 'reformedesretraites', 'greve6decembre']"
66,negatif,2019-12-05 23:51:45,r√©forme des retraites 8 √† 10 mille manifestants dans les rues de metz ... http://motodunjour.over-blog.com/2019/12/reforme-des-retraites-8-a-10-mille-manifestants-dans-les-rues-de-metz-en-images.html ‚Ä¶ # r√©formedesretraites # manifestation # metz,r√©forme retraites 10 mille manifestants rues metz r√©formedesretraites manifestation metz,"['r√©former', 'retraiter', '10', 'mille', 'manifestant', 'ruer', 'metz', 'r√©formedesretraites', 'manifestation', 'metz']"
67,negatif,2019-12-05 23:51:14,a toutes celles et ceux qui opposent # √©cologie et # social # 5decembre2019 # reformedesretraites # grevedu5decembre # greve # bordeauxpic.twitter.com/vewjyg9jko,toutes celles ceux opposent √©cologie social 5decembre2019 reformedesretraites grevedu5decembre greve bordeaux,"['toute', 'celui', 'celui', 'opposer', '√©cologie', 'social', '5decembre2019', 'reformedesretraites', 'grevedu5decembre', 'greve', 'bordeaux']"
68,negatif,2019-12-05 23:51:01,# reformedesretraites grrr,reformedesretraites grrr,"['reformedesretraites', 'grrr']"
69,positif,2019-12-05 23:49:52,vid√©o de @ fautsledire sp√©cial # 5decembre2019 disponible demain ! # fld # reformedesretraites # manif5decembrepic.twitter.com/znfkglxzdd,vid√©o fautsledire sp√©cial 5decembre2019 disponible demain fld reformedesretraites manif5decembre,"['vid√©o', 'fautsledire', 'sp√©cial', '5decembre2019', 'disponible', 'demain', 'fld', 'reformedesretraites', 'manif5decembre']"
70,negatif,2019-12-05 23:49:09,j'ai fait un expos√© sur le # reformedesretraites en r√©pondant √† un tweet de @ zohrabitan et apparemment tous mes tweets sont bloqu√©s. donc venez vous instruire directement sur mon profil @ wild__h,fait expos√© reformedesretraites r√©pondant tweet zohrabitan apparemment tous tweets bloqu√©s donc venez instruire directement profil wild__h,"['faire', 'exposer', 'reformedesretraites', 'r√©pondre', 'tweet', 'zohrabitan', 'apparemment', 'tout', 'tweets', 'bloquer', 'donc', 'venir', 'instruire', 'directement', 'profil', 'wild__h']"
71,negatif,2019-12-05 23:49:07,"@ valp le pouvoir de conviction de @ gdarmanin et @ sibethndiaye h√©rauts de la # reformedesretraites s'est sold√© par un gros bide ! mal barr√© pour sauver le soldat # macron, la fin de r√®gne du # monarque approche !https://twitter.com/valp/status/1202717566789128192 ‚Ä¶",valp pouvoir conviction gdarmanin sibethndiaye h√©rauts reformedesretraites sold√© gros bide mal barr√© sauver soldat macron fin r√®gne monarque approche,"['valp', 'pouvoir', 'conviction', 'gdarmanin', 'sibethndiaye', 'h√©raut', 'reformedesretraites', 'solder', 'gros', 'bide', 'mal', 'barrer', 'sauver', 'soldat', 'macron', 'fin', 'r√©gner', 'monarque', 'approcher']"
72,negatif,2019-12-05 23:48:15,@ valp : saint cricq dehors !!! ras le bol de cette journaliste avec son parti pris ! cette bonne femme transpire la malhonn√™tet√© intellectuelle !!! # valp # reformedesretraites,valp saint cricq dehors ras bol cette journaliste parti pris cette bonne femme transpire malhonn√™tet√© intellectuelle valp reformedesretraites,"['valp', 'saint', 'cricq', 'dehors', 'ras', 'bol', 'ce', 'journaliste', 'partir', 'prendre', 'ce', 'bon', 'femme', 'transpirer', 'malhonn√™tet√©', 'intellectuel', 'valp', 'reformedesretraites']"
73,negatif,2019-12-05 23:48:01,80 % des personnes interrog√©es pensent que l‚Äôaction d‚Äôemmanuel macron n‚Äôa pas permis d‚Äôam√©liorer leur situation personnelle # macron # trump # strike # france # reformedesretraites # reformeretraites # retraites # grevegenerale # giletsjaunes # greve # france2https://www.lemonde.fr/idees/article/2019/12/03/luc-rouban-le-macronisme-ne-comprend-pas-le-conflit_6021430_3232.html ‚Ä¶,80 personnes interrog√©es pensent action emmanuel macron permis am√©liorer situation personnelle macron trump strike france reformedesretraites reformeretraites retraites grevegenerale giletsjaunes greve france2,"['80', 'personne', 'interroger', 'penser', 'action', 'emmanuel', 'macron', 'permettre', 'am√©liorer', 'situation', 'personnel', 'macron', 'trump', 'strike', 'france', 'reformedesretraites', 'reformeretraites', 'retraiter', 'grevegenerale', 'giletsjaunes', 'greve', 'france2']"
74,negatif,2019-12-05 23:47:30,1 500 000 # manifestants dans toute la # france en # grevegenerale contre # macron et la # reformedesretraites ! c'est un chiffre historique ! bravo aux # travailleurs et vive la # gr√®ve ! https://www.youtube.com/watch?v=jporzehy2xk ‚Ä¶,500 000 manifestants toute france grevegenerale contre macron reformedesretraites chiffre historique bravo travailleurs vive gr√®ve,"['500', '000', 'manifestant', 'tout', 'france', 'grevegenerale', 'contrer', 'macron', 'reformedesretraites', 'chiffrer', 'historique', 'bravo', 'travailleur', 'vivre', 'grever']"
75,positif,2019-12-05 23:47:18,la vraie marche ! # reformedesretraites # 5decembre2019 # manif5decembre # greve5decembre # macronhttps://twitter.com/libe/status/1202684290582142976 ‚Ä¶,vraie marche reformedesretraites 5decembre2019 manif5decembre greve5decembre macron,"['vrai', 'marcher', 'reformedesretraites', '5decembre2019', 'manif5decembre', 'greve5decembre', 'macron']"
76,negatif,2019-12-05 23:47:14,mobilis√© avec les √©cologistes et la gauche ce matin contre une r√©forme des retraites injuste ! # solidarit√©s # greve # engreve # 5decembre2019 # reformedesretraites # manif5decembre # retraite @ villedebegles # beglespic.twitter.com/erkqvvcnqa,mobilis√© √©cologistes gauche matin contre r√©forme retraites injuste solidarit√©s greve engreve 5decembre2019 reformedesretraites manif5decembre retraite villedebegles begles,"['mobiliser', '√©cologiste', 'gauche', 'matin', 'contrer', 'r√©former', 'retraiter', 'injuste', 'solidarit√©', 'greve', 'engreve', '5decembre2019', 'reformedesretraites', 'manif5decembre', 'retraiter', 'villedebegles', 'begles']"
77,negatif,2019-12-05 23:45:43,un nouveau # journsliste bless√© grillevement √† l'oeil aujourd'hui par une # grenade lanc√© par les # fdo lors des manifestations contre la # reformedesretraites # violencepolici√®re # amnesty # grevedu5decembre # ldh # greve6decembre # giletjauneshttps://twitter.com/rec_collectif/status/1202707547838439424 ‚Ä¶,nouveau journsliste bless√© grillevement oeil aujourd hui grenade lanc√© fdo lors manifestations contre reformedesretraites violencepolici√®re amnesty grevedu5decembre ldh greve6decembre giletjaunes,"['nouveau', 'journsliste', 'blesser', 'grillevement', 'oeil', 'aujourd', 'hui', 'grenade', 'lancer', 'fdo', 'lors', 'manifestation', 'contrer', 'reformedesretraites', 'violencepolici√®re', 'amnesty', 'grevedu5decembre', 'ldh', 'greve6decembre', 'giletjaunes']"
78,negatif,2019-12-05 23:45:28,j‚Äôai qu‚Äôun seul truc √† vous dire... mohamed henni pr√©sident ! # 5decembre2019 # greve6decembre # momopresident # reformedesretraites pic.twitter.com/egzjqomuue,seul truc dire mohamed henni pr√©sident 5decembre2019 greve6decembre momopresident reformedesretraites,"['seul', 'truc', 'dire', 'mohamed', 'hennir', 'pr√©sider', '5decembre2019', 'greve6decembre', 'momopresident', 'reformedesretraites']"
79,negatif,2019-12-05 23:45:04,si il me trouve un employeur qui paye un jour de gr√®ve je signe desuite !! # reformedesretraites # grevereconductiblele5 # 5decembre2019https://twitter.com/gechanut/status/1202700003812265998 ‚Ä¶,si trouve employeur paye jour gr√®ve signe desuite reformedesretraites grevereconductiblele5 5decembre2019,"['si', 'trouver', 'employeur', 'payer', 'jour', 'grever', 'signer', 'desuite', 'reformedesretraites', 'grevereconductiblele5', '5decembre2019']"
80,positif,2019-12-05 23:44:24,@ valp : aaahhhh la porte parole de la cfdt cette ch√®re saint cricq.... # valp # reformedesretraites,valp aaahhhh porte parole cfdt cette ch√®re saint cricq valp reformedesretraites,"['valp', 'aaahhhh', 'porter', 'parole', 'cfdt', 'ce', 'cher', 'saint', 'cricq', 'valp', 'reformedesretraites']"
81,positif,2019-12-05 23:44:22,"""certains conducteurs sont pr√™ts √† aller jusqu'au 31 d√©cembre... le mouvement va s'intensifier."" # greve # grevedu5decembre # grevereconductiblele5 # reformedesretraites https://twitter.com/franceinfo/status/1202649838526926848 ‚Ä¶",certains conducteurs pr√™ts aller jusqu 31 d√©cembre mouvement va intensifier greve grevedu5decembre grevereconductiblele5 reformedesretraites,"['certain', 'conducteur', 'pr√™t', 'aller', 'jusqu', '31', 'd√©cembre', 'mouvement', 'aller', 'intensifier', 'greve', 'grevedu5decembre', 'grevereconductiblele5', 'reformedesretraites']"
82,negatif,2019-12-05 23:42:59,@ valp : dumontet le suceur de boules de la macronie....et malhonn√™te qui plus est # valp # reformedesretraites,valp dumontet suceur boules macronie malhonn√™te plus valp reformedesretraites,"['valp', 'dumontet', 'suceur', 'bouler', 'macronie', 'malhonn√™te', 'plaire', 'valp', 'reformedesretraites']"
83,negatif,2019-12-05 23:39:41,encore un r√©gime sp√©cial chez les s√©nateurs qu‚Äôil ne souhaite pas r√©former ! un comble ... # balancetonpost # reformedesretraites https://twitter.com/brevesdepresse/status/1202704257520152576 ‚Ä¶,encore r√©gime sp√©cial chez s√©nateurs souhaite r√©former comble balancetonpost reformedesretraites,"['encore', 'r√©gime', 'sp√©cial', 'chez', 's√©nateur', 'souhaiter', 'r√©former', 'combler', 'balancetonpost', 'reformedesretraites']"
84,negatif,2019-12-05 23:38:25,il a le sens de la formule @ faureolivier la mobilisation √©tait aussi exceptionnelle que son score aux √©lections europ√©ennes # quand√ßaveutpas # r√©formedesretraites # lesfaitshttps://twitter.com/faureolivier/status/1202672291169128449 ‚Ä¶,sens formule faureolivier mobilisation aussi exceptionnelle score √©lections europ√©ennes quand√ßaveutpas r√©formedesretraites lesfaits,"['sentir', 'formuler', 'faureolivier', 'mobilisation', 'aussi', 'exceptionnel', 'score', '√©lection', 'europ√©en', 'quand√ßaveutpas', 'r√©formedesretraites', 'lesfaits']"
85,positif,2019-12-05 23:37:44,ha donc il y avait aussi un d√©bat sur @ france2tv ? 2 salles/2 ambiances @ cyrilhanouna # greve6decembre # 5decembre2019 # reformedesretraites # valp,ha donc aussi d√©bat france2tv salles ambiances cyrilhanouna greve6decembre 5decembre2019 reformedesretraites valp,"['ha', 'donc', 'aussi', 'd√©battre', 'france2tv', 'salle', 'ambiance', 'cyrilhanouna', 'greve6decembre', '5decembre2019', 'reformedesretraites', 'valp']"
86,positif,2019-12-05 23:37:33,ben tiens ... etonnant non ? l exercice de com de la # macronie n a plus d effet # grevedu5decembre # grevegenerale # reformedesretraites https://twitter.com/bfmtv/status/1202717869349490689 ‚Ä¶,ben tiens etonnant non exercice com macronie plus effet grevedu5decembre grevegenerale reformedesretraites,"['ben', 'tien', 'etonnant', 'non', 'exercice', 'com', 'macronie', 'plaire', 'effet', 'grevedu5decembre', 'grevegenerale', 'reformedesretraites']"
87,negatif,2019-12-05 23:36:55,au d√©fil√© ce jour avec # olivierfaure pour d√©fendre un syst√®me de retraite juste pour tous # grevedu5decembre # reformedesretraites # 5decembreonarrive # pspic.twitter.com/ykrjm3ribg,d√©fil√© jour olivierfaure d√©fendre syst√®me retraite juste tous grevedu5decembre reformedesretraites 5decembreonarrive ps,"['d√©filer', 'jour', 'olivierfaure', 'd√©fendre', 'syst√®me', 'retraiter', 'juste', 'tout', 'grevedu5decembre', 'reformedesretraites', '5decembreonarrive', 'ps']"
88,positif,2019-12-05 23:36:39,# valp : sondage r√©v√©lateur sur le bien fond√© de la # reformedesretraites de # macron un # nouveaumonde de bisounours # enmarche puisqu'on vous le dit ! https://twitter.com/valp/status/1202711942231724032 ‚Ä¶,valp sondage r√©v√©lateur bien fond√© reformedesretraites macron nouveaumonde bisounours enmarche puisqu dit,"['valp', 'sondage', 'r√©v√©lateur', 'bien', 'fonder', 'reformedesretraites', 'macron', 'nouveaumonde', 'bisounours', 'enmarche', 'puisqu', 'dire']"
89,positif,2019-12-05 23:35:14,# r√©formedesretraites : ces 24 milliards qui r√©soudraient le # d√©ficit une fois pour toutes https://www.marianne.net/economie/reforme-des-retraites-ces-24-milliards-qui-resoudraient-le-deficit-une-fois-pour-toutes?_ope=eyjndwlkijoizmu3mwi4owizntc0nwuwndbjmzkzmmm4owqwmdy1nwiifq%3d%3d ‚Ä¶ via @ mariannelemag,r√©formedesretraites 24 milliards r√©soudraient d√©ficit fois toutes via mariannelemag,"['r√©formedesretraites', '24', 'milliard', 'r√©soudre', 'd√©ficit', 'foi', 'toute', 'via', 'mariannelemag']"
90,positif,2019-12-05 23:34:27,ÿ™ÿµÿßŸàŸäÿ± ÿßÿπÿ™ÿ±ÿßÿ∂ÿßÿ™ ⁄Øÿ≥ÿ™ÿ±ÿØŸá ÿ∂ÿØ ÿ±Ÿäÿßÿ∂ÿ™Ÿâ Ÿà ÿ∂ÿØ ŸÜŸàŸÑŸäÿ®ÿ±ÿßŸÑŸâÿå ÿßŸÖÿ±Ÿàÿ≤ ÿØÿ± ŸÅÿ±ÿßŸÜÿ≥Ÿá. # gr√®vedu5d√©cembre # 5d√©cembre # onbloquetout # giletsjaunes # paris # reformeretraites # reformedesretraites https://twitter.com/giletsjaunesgo/status/1202645129514893313 ‚Ä¶,ÿ™ÿµÿßŸàŸäÿ± ÿßÿπÿ™ÿ±ÿßÿ∂ÿßÿ™ ⁄Øÿ≥ÿ™ÿ±ÿØŸá ÿ∂ÿØ ÿ±Ÿäÿßÿ∂ÿ™Ÿâ ÿ∂ÿØ ŸÜŸàŸÑŸäÿ®ÿ±ÿßŸÑŸâ ÿßŸÖÿ±Ÿàÿ≤ ÿØÿ± ŸÅÿ±ÿßŸÜÿ≥Ÿá gr√®vedu5d√©cembre 5d√©cembre onbloquetout giletsjaunes paris reformeretraites reformedesretraites,"['ÿ™ÿµÿßŸàŸäÿ±', 'ÿßÿπÿ™ÿ±ÿßÿ∂ÿßÿ™', '⁄Øÿ≥ÿ™ÿ±ÿØŸá', 'ÿ∂ÿØ', 'ÿ±Ÿäÿßÿ∂ÿ™Ÿâ', 'ÿ∂ÿØ', 'ŸÜŸàŸÑŸäÿ®ÿ±ÿßŸÑŸâ', 'ÿßŸÖÿ±Ÿàÿ≤', 'ÿØÿ±', 'ŸÅÿ±ÿßŸÜÿ≥Ÿá', 'gr√®vedu5d√©cembre', '5d√©cembre', 'onbloquetout', 'giletsjaunes', 'pari', 'reformeretraites', 'reformedesretraites']"
91,negatif,2019-12-05 23:31:01,tout le monde √† la larme √† l oeil avec ce patron de laguiole qui assure le service apr√®s vente du @ gouvernementfr apr√®s la mobilisation historique de plus d un million personnes contre la # reformedesretraites. faut le comprendre : qui va offrir ses coutelards √† no√´l ? # valp,tout monde larme oeil patron laguiole assure service apr√®s vente gouvernementfr apr√®s mobilisation historique plus million personnes contre reformedesretraites faut comprendre va offrir coutelards no√´l valp,"['tout', 'monder', 'larme', 'oeil', 'patron', 'laguiole', 'assurer', 'service', 'apr√®s', 'venter', 'gouvernementfr', 'apr√®s', 'mobilisation', 'historique', 'plaire', 'million', 'personne', 'contrer', 'reformedesretraites', 'falloir', 'comprendre', 'aller', 'offrir', 'coutelards', 'no√´l', 'valp']"
92,positif,2019-12-05 23:28:31,autant dire tr√®s peu de monde quand on a la pr√©tention d‚Äôappeler√ßa # gr√®veg√©n√©rale # quand√ßaveutpas # r√©formedesretraites https://twitter.com/le_parisien/status/1202654934753300486 ‚Ä¶,autant dire tr√®s peu monde quand pr√©tention appeler√ßa gr√®veg√©n√©rale quand√ßaveutpas r√©formedesretraites,"['autant', 'dire', 'tr√®s', 'peu', 'monder', 'quand', 'pr√©tention', 'appeler√ßa', 'gr√®veg√©n√©rale', 'quand√ßaveutpas', 'r√©formedesretraites']"
93,negatif,2019-12-05 23:26:46,# reformedesretraites pic.twitter.com/cuk4ouvg1w,reformedesretraites,['reformedesretraites']
94,negatif,2019-12-05 23:25:31,c'est le chiffre qui semble le plus se rapprocher de la r√©alit√© de la manifestation du # 5d√©cembre. # reformedesretraites https://twitter.com/lenombrejaune/status/1202636997485060096 ‚Ä¶,chiffre semble plus rapprocher r√©alit√© manifestation 5d√©cembre reformedesretraites,"['chiffrer', 'sembler', 'plaire', 'rapprocher', 'r√©alit√©', 'manifestation', '5d√©cembre', 'reformedesretraites']"
95,positif,2019-12-05 23:21:01,# grevedu5decembre : ¬´les gens ont bien compris que la # reformedesretraites allait concerner tout le monde¬ª @ liemhoangngoc https://youtu.be/xytjdhlzjkk pic.twitter.com/0tcmpbjwck,grevedu5decembre gens bien compris reformedesretraites allait concerner tout monde liemhoangngoc,"['grevedu5decembre', 'gens', 'bien', 'comprendre', 'reformedesretraites', 'aller', 'concerner', 'tout', 'monder', 'liemhoangngoc']"
96,positif,2019-12-05 23:19:26,en bref... au th√©√¢tre ce soir ... les dialogues sont de # larem # enmarche pour tailler des costumes aux fran√ßais par le biais de la # reformedesretraites # valp ... # onestmal,bref th√©√¢tre soir dialogues larem enmarche tailler costumes fran√ßais biais reformedesretraites valp onestmal,"['bref', 'th√©√¢tre', 'soir', 'dialoguer', 'larem', 'enmarche', 'tailler', 'costumer', 'fran√ßais', 'biais', 'reformedesretraites', 'valp', 'onestmal']"
97,negatif,2019-12-05 23:18:01,"pas pour eux-m√™mes, et plus, ses intouchables ne produisent : aucune richesse en france et leur m√©tier : brasser l‚Äôair 24h/24 durant un quinquennat. # vousavezlaparole # france2 # 5decembre2019 # reformedesretraites",m√™mes plus intouchables produisent aucune richesse france m√©tier brasser air 24h 24 durant quinquennat vousavezlaparole france2 5decembre2019 reformedesretraites,"['m√™me', 'plaire', 'intouchable', 'produire', 'aucun', 'richesse', 'france', 'm√©tier', 'brasser', 'air', '24h', '24', 'durer', 'quinquennat', 'vousavezlaparole', 'france2', '5decembre2019', 'reformedesretraites']"
98,negatif,2019-12-05 23:16:43,"mme @ laetitiaavia, auriez-vous un petit commentaire ? s'il vous pla√Æt, √©clairez-nous de vos lumi√®res ! l'avocate que vous √™tes ne peut se taire devant de tels comportements de policiers ! # violencespolicieres # grevegenerale # reformedesretraites # retraiteshttps://twitter.com/nnoman1/status/1202687735879884800 ‚Ä¶",mme laetitiaavia petit commentaire pla√Æt √©clairez lumi√®res avocate peut taire devant tels comportements policiers violencespolicieres grevegenerale reformedesretraites retraites,"['mme', 'laetitiaavia', 'petit', 'commentaire', 'plaire', '√©clairer', 'lumi√®re', 'avocat', 'pouvoir', 'taire', 'devoir', 'tel', 'comportement', 'policier', 'violencespolicieres', 'grevegenerale', 'reformedesretraites', 'retraiter']"
99,negatif,2019-12-05 23:12:46,on manifeste sous toutes les latitudes contre la r√©forme des retraites. # tahiti # stylosrouges # 5decembre # 5decembre2019 # retraites # retraites # reformedesretraites # greve # manifestationpic.twitter.com/g65p4ntoiz,manifeste sous toutes latitudes contre r√©forme retraites tahiti stylosrouges 5decembre 5decembre2019 retraites retraites reformedesretraites greve manifestation,"['manifester', 'sou', 'toute', 'latitude', 'contrer', 'r√©former', 'retraiter', 'tahiti', 'stylosrouges', '5decembre', '5decembre2019', 'retraiter', 'retraiter', 'reformedesretraites', 'greve', 'manifestation']"
100,negatif,,,,[]
